<?xml version='1.0' encoding='UTF-8' ?>
<timeLogEntries>
  <time id="6" path="/Non Project/PSP Fundamentals &amp; Advanced/Program 1/Planning" start="@1486240637000" delta="77" />
  <time id="7" path="/Non Project/PSP Fundamentals &amp; Advanced/Program 1/Design" start="@1486245235000" delta="133" interrupt="4" />
  <time id="8" path="/Non Project/PSP Fundamentals &amp; Advanced/Program 1/Code" start="@1486253538860" delta="378" interrupt="28" />
  <time id="9" path="/Non Project/PSP Fundamentals &amp; Advanced/Program 1/Compile" start="@1486277957067" delta="4" />
  <time id="10" path="/Non Project/PSP Fundamentals &amp; Advanced/Program 1/Test" start="@1486278226349" delta="96" />
  <time id="11" path="/Non Project/PSP Fundamentals &amp; Advanced/Program 1/Postmortem" start="@1486284007575" delta="9" />
  <time id="12" path="/Non Project/PSP Fundamentals &amp; Advanced/Program 2/Planning" start="@1487468560279" delta="62" />
  <time id="13" path="/Non Project/PSP Fundamentals &amp; Advanced/Program 2/Planning" start="@1487472281222" delta="1" />
  <time id="14" path="/Non Project/PSP Fundamentals &amp; Advanced/Program 2/Design" start="@1487472285853" delta="8" />
  <time id="15" path="/Non Project/PSP Fundamentals &amp; Advanced/Program 2/Design" start="@1487472839097" delta="5" />
  <time id="16" path="/Non Project/PSP Fundamentals &amp; Advanced/Program 2/Code" start="@1487473114000" delta="270" />
  <time id="17" path="/Non Project/PSP Fundamentals &amp; Advanced/Program 2/Test" start="@1487489512000" delta="55" comment="En este punto el equipo se reinició de forma no controlada en corrección de bug por incoherencia en lectura de líneas al aplicar una expresión regular el bug se inyecto en codificación y se corrigió, tomando un tiempo aproximado de una hora." />
  <time id="18" path="/Non Project/PSP Fundamentals &amp; Advanced/Program 2/Test" start="@1487493291000" delta="67" />
  <time id="19" path="/Non Project/PSP Fundamentals &amp; Advanced/Program 2/Postmortem" start="@1487497314531" delta="39" />
  <time id="20" path="/Non Project/PSP Fundamentals &amp; Advanced/Program 2/Compile" start="@1487489512000" delta="1" comment="No se presento errores de compilación" />
  <time id="21" path="/Non Project/PSP Fundamentals &amp; Advanced/Program 3/Planning" start="@1488765101170" delta="164" />
  <time id="22" path="/Non Project/PSP Fundamentals &amp; Advanced/Program 3/Design" start="@1488774940224" delta="45" />
  <time id="23" path="/Non Project/PSP Fundamentals &amp; Advanced/Program 3/Design Review" start="@1488777635617" delta="21" />
  <time id="24" path="/Non Project/PSP Fundamentals &amp; Advanced/Program 3/Code" start="@1488778925219" delta="127" />
  <time id="25" path="/Non Project/PSP Fundamentals &amp; Advanced/Program 3/Code" start="@1488845318842" delta="174" />
  <time id="26" path="/Non Project/PSP Fundamentals &amp; Advanced/Program 3/Code" start="@1488864058745" delta="66" />
  <time id="27" path="/Non Project/PSP Fundamentals &amp; Advanced/Program 3/Code Review" start="@1488868030144" delta="34" />
  <time id="28" path="/Non Project/PSP Fundamentals &amp; Advanced/Program 3/Compile" start="@1488870071806" delta="5" />
  <time id="29" path="/Non Project/PSP Fundamentals &amp; Advanced/Program 3/Test" start="@1488870383774" delta="14" />
</timeLogEntries>
